procedural,auto,level_0.txt,0.93
procedural,auto,empty_mall.txt,0.93
procedural,silent terminal | empty airport lobby ambient | sunset liminal space,airport_terminal.txt,0.93
procedural,auto,infinite_hotel.txt,0.93
procedural,auto,laundromat.txt,0.93
procedural,auto,classroom.txt,0.93
procedural,auto,playplace.txt,0.93
procedural,auto,suburban_street.txt,0.93
procedural,auto,library.txt,0.93
procedural,auto,poolrooms.txt,0.93
procedural,auto,train_station.txt,0.93
procedural,auto,template.txt,0.93
procedural,auto,template.txt,0.93
