index,date,published_at,privacy,publish_at,duration,id,title,url
1,2026-07-08,2026-07-08T16:19:44Z,private,2026-07-30T15:00:00Z,P0D,01J1KnbuqGw,The Hallway of Infinite Doors | Cosmic Academia Ambience,https://www.youtube.com/watch?v=01J1KnbuqGw
2,2026-07-08,2026-07-08T16:14:52Z,private,2026-07-29T15:00:00Z,PT1H1S,oGzUyOpPWHI,The Midnight Bus Passenger | Cosmic Academia Ambience,https://www.youtube.com/watch?v=oGzUyOpPWHI
3,2026-07-08,2026-07-08T16:09:54Z,private,2026-07-28T15:00:00Z,PT1H1S,HVhCJ1Zs64c,The Wrong Reflection in the Pool | Cosmic Academia Ambience,https://www.youtube.com/watch?v=HVhCJ1Zs64c
4,2026-07-08,2026-07-08T16:04:56Z,private,2026-07-27T15:00:00Z,PT1H1S,89-Oy7ufHlM,The Stairwell That Never Ends | Cosmic Academia Ambience,https://www.youtube.com/watch?v=89-Oy7ufHlM
5,2026-07-08,2026-07-08T16:00:02Z,private,2026-07-26T15:00:00Z,PT1H1S,0gtCNwJYNk0,The Diner That Swallowed the Fog | Cosmic Academia Ambience,https://www.youtube.com/watch?v=0gtCNwJYNk0
6,2026-07-08,2026-07-08T15:00:26Z,public,,PT1H1S,EWUYuCiUhus,the aquarium tunnel | cosmic horror ambient | dark drone,https://www.youtube.com/watch?v=EWUYuCiUhus
7,2026-07-08,2026-07-08T13:25:30Z,private,2026-07-25T15:00:00Z,PT1H1S,0JA-aGA-b5M,the greenhouse corridor after midnight | 1 Hour Liminal Space Ambience,https://www.youtube.com/watch?v=0JA-aGA-b5M
8,2026-07-08,2026-07-08T13:17:30Z,private,2026-07-24T15:00:00Z,PT1H1S,7b3Dsog79PQ,the airport chapel behind gate c | 1 Hour Liminal Space Ambience,https://www.youtube.com/watch?v=7b3Dsog79PQ
9,2026-07-08,2026-07-08T13:08:52Z,private,2026-07-23T15:00:00Z,PT1H1S,qVfRuK2-elo,the motel pool under fluorescent rain | 1 Hour Liminal Space Ambience,https://www.youtube.com/watch?v=qVfRuK2-elo
10,2026-07-08,2026-07-08T13:00:51Z,private,2026-07-22T15:00:00Z,PT1H1S,uouvHkaAfnw,the elevator lobby after the power went out | 1 Hour Liminal Space Ambience,https://www.youtube.com/watch?v=uouvHkaAfnw
11,2026-07-08,2026-07-08T12:53:47Z,private,2026-07-21T15:00:00Z,PT1H1S,pPU_CtmqpwI,the closed arcade beneath the pier | 1 Hour Liminal Space Ambience,https://www.youtube.com/watch?v=pPU_CtmqpwI
12,2026-07-07,2026-07-07T19:48:06Z,private,2026-07-20T15:00:00Z,PT1H1S,d1C7ORSRtmM,the car wash tunnel still dripping | 1 Hour Liminal Space Ambience,https://www.youtube.com/watch?v=d1C7ORSRtmM
13,2026-07-07,2026-07-07T19:42:59Z,private,2026-07-19T15:00:00Z,PT1H1S,TEUVlWCGibE,the observation deck above the sleeping city | 1 Hour Liminal Space Ambience,https://www.youtube.com/watch?v=TEUVlWCGibE
14,2026-07-07,2026-07-07T19:37:09Z,private,2026-07-18T15:00:00Z,PT1H1S,tg6ST3QZosI,The Basalt Shore Under Three Dead Suns | Cosmic Horror Ambience,https://www.youtube.com/watch?v=tg6ST3QZosI
15,2026-07-07,2026-07-07T19:30:30Z,private,2026-07-17T15:00:00Z,PT1H1S,UJayBLaDBRU,The Antarctic Shelf Opened at Midnight | Cosmic Horror Ambience,https://www.youtube.com/watch?v=UJayBLaDBRU
16,2026-07-07,2026-07-07T19:22:53Z,private,2026-07-16T15:00:00Z,PT1H1S,Sa7Qxu-K-ug,When the Village Heard the Wave Think | Cosmic Horror Ambience,https://www.youtube.com/watch?v=Sa7Qxu-K-ug
17,2026-07-07,2026-07-07T19:12:09Z,private,2026-07-15T15:00:00Z,PT1H1S,vtuxy5Acvak,the rest stop beyond the highway | 1 Hour Liminal Space Ambience,https://www.youtube.com/watch?v=vtuxy5Acvak
18,2026-07-07,2026-07-07T19:06:59Z,private,2026-07-14T15:00:00Z,PT1H1S,WA-6kzNl3gQ,the civic archive below the city | 1 Hour Liminal Space Ambience,https://www.youtube.com/watch?v=WA-6kzNl3gQ
19,2026-07-07,2026-07-07T19:01:25Z,private,2026-07-13T15:00:00Z,PT1H1S,QEMnLhiUfiw,The Sunken Ruins That Kept Breathing | Cosmic Horror Ambience,https://www.youtube.com/watch?v=QEMnLhiUfiw
20,2026-07-07,2026-07-07T18:56:00Z,private,2026-07-12T15:00:00Z,PT1H1S,MLOx5jvhyXY,The Drowned Cathedral Beneath the Moon | Cosmic Horror Ambience,https://www.youtube.com/watch?v=MLOx5jvhyXY
21,2026-07-07,2026-07-07T18:50:40Z,private,2026-07-11T15:00:00Z,PT1H1S,qbiUtoruq8I,The Black Tide Under the Lighthouse | Cosmic Horror Ambience,https://www.youtube.com/watch?v=qbiUtoruq8I
22,2026-07-07,2026-07-07T17:41:04Z,private,2026-07-10T15:00:00Z,PT1H1S,BFdEYz-tdgY,the ferry terminal | cosmic horror ambient | dark drone,https://www.youtube.com/watch?v=BFdEYz-tdgY
23,2026-07-07,2026-07-07T17:34:22Z,private,2026-07-09T15:00:00Z,PT1H1S,xKUMzZShQME,the data center | cosmic horror ambient | dark drone,https://www.youtube.com/watch?v=xKUMzZShQME
24,2026-07-07,2026-07-07T16:59:28Z,public,,PT1H1S,UWY1S9iKR8s,the bowling alley at 4am | 1 Hour Liminal Space Ambience,https://www.youtube.com/watch?v=UWY1S9iKR8s
25,2026-06-29,2026-06-29T21:00:25Z,public,,PT1H1S,1F8perA8gEw,the office copier room at dawn | 1 Hour Liminal Space Ambience,https://www.youtube.com/watch?v=1F8perA8gEw
26,2026-06-28,2026-06-28T21:00:28Z,public,,PT1H1S,5hotrYzaLKc,the laser tag arena without players | 1 Hour Liminal Space Ambience,https://www.youtube.com/watch?v=5hotrYzaLKc
27,2026-06-27,2026-06-27T21:00:29Z,public,,PT1H1S,TCslA42NzbY,the spa reception under green light | 1 Hour Liminal Space Ambience,https://www.youtube.com/watch?v=TCslA42NzbY
28,2026-06-26,2026-06-26T21:00:35Z,public,,PT1H1S,PjY0N6pJAGU,the planetarium lobby after the eclipse | 1 Hour Liminal Space Ambience,https://www.youtube.com/watch?v=PjY0N6pJAGU
29,2026-06-25,2026-06-25T21:00:10Z,public,,PT1H1S,AUoP6Ti0kg0,the bus depot beneath the overpass | 1 Hour Liminal Space Ambience,https://www.youtube.com/watch?v=AUoP6Ti0kg0
30,2026-06-24,2026-06-24T21:00:22Z,public,,PT1H1S,Als8WiV8lTw,the church basement after bingo night | 1 Hour Liminal Space Ambience,https://www.youtube.com/watch?v=Als8WiV8lTw
31,2026-06-24,2026-06-24T15:00:32Z,public,,PT1H1S,iit-APaWcSY,harbor shadow | cosmic horror ambient | dark ocean drone,https://www.youtube.com/watch?v=iit-APaWcSY
32,2026-06-23,2026-06-23T15:00:12Z,public,,PT1H1S,KafbQQfjwkw,The Icebound Ghost of HMS Erebus | Pure Cosmic Horror Ambience,https://www.youtube.com/watch?v=KafbQQfjwkw
33,2026-06-22,2026-06-22T15:00:39Z,public,,PT1H1S,PGJxAA-kXqs,waiting for the last train | empty transit platform ambient | 1 hour liminal drone,https://www.youtube.com/watch?v=PGJxAA-kXqs
34,2026-06-21,2026-06-21T15:00:10Z,public,,PT1H1S,ShEMMWGY6bA,lost in the tiles | poolrooms ambient playlist | liminal space drone,https://www.youtube.com/watch?v=ShEMMWGY6bA
35,2026-06-20,2026-06-20T15:00:09Z,public,,PT1H1S,q63wSjDD4xw,lost in a library | infinte space of whispers | liminal drift,https://www.youtube.com/watch?v=q63wSjDD4xw
36,2026-06-19,2026-06-19T15:00:09Z,public,,PT1H1S,kSBwRnJgGCg,lost in the lawns | poolrooms liminal space | droning drone,https://www.youtube.com/watch?v=kSBwRnJgGCg
37,2026-06-18,2026-06-18T18:02:46Z,private,2026-07-08T21:00:00Z,PT1H1S,uiKxLSDx5TU,the indoor garden under the office tower | 1 Hour Liminal Space Ambience,https://www.youtube.com/watch?v=uiKxLSDx5TU
38,2026-06-18,2026-06-18T17:43:41Z,private,2026-07-09T21:00:00Z,PT1H1S,wzsdwwZ2pio,the cruise ship corridor at midnight | 1 Hour Liminal Space Ambience,https://www.youtube.com/watch?v=wzsdwwZ2pio
39,2026-06-18,2026-06-18T17:40:03Z,private,2026-07-10T21:00:00Z,PT1H1S,XHCuJ8A1av0,the greenhouse lights never turned off | 1 Hour Liminal Space Ambience,https://www.youtube.com/watch?v=XHCuJ8A1av0
40,2026-06-18,2026-06-18T15:00:30Z,public,,PT1H1S,2RM8pmj3krM,playground limen | night tubing dreamscape | 360° nocturnal,https://www.youtube.com/watch?v=2RM8pmj3krM
41,2026-06-17,2026-06-17T15:00:10Z,public,,PT1H1S,RKBuje79clg,'golden hedges | school rooms' | liminal space drone,https://www.youtube.com/watch?v=RKBuje79clg
42,2026-06-16,2026-06-16T15:00:17Z,public,,PT1H1S,LFbCaLaN5LQ,lost in the laundromat | 1 hour ambient playlist | liminal space drone,https://www.youtube.com/watch?v=LFbCaLaN5LQ
43,2026-06-15,2026-06-15T15:00:24Z,public,,PT1H1S,QSMZ0j0MAmQ,lost in the tiles | hotel corridor ambience playlist | liminal space drone,https://www.youtube.com/watch?v=QSMZ0j0MAmQ
44,2026-06-14,2026-06-14T15:00:33Z,public,,PT1H1S,5MpNL06J-3E,silent terminal | empty airport lobby ambient | sunset liminal space,https://www.youtube.com/watch?v=5MpNL06J-3E
45,2026-06-13,2026-06-13T15:00:00Z,public,,PT1H1S,7P8PS-fXpbI,escalators still running | empty mall at 3 am | mallsoft liminal drone,https://www.youtube.com/watch?v=7P8PS-fXpbI
46,2026-06-11,2026-06-11T21:00:32Z,public,,PT1H1S,s7UKqWXjjBg,lost in the tiles | liminal space drone: level 0,https://www.youtube.com/watch?v=s7UKqWXjjBg
47,2026-06-11,2026-06-11T05:51:33Z,public,,PT1H1S,qpuRA1x7VMY,waiting for the last train | empty subway station ambient | 1 hour liminal drone,https://www.youtube.com/watch?v=qpuRA1x7VMY
48,2026-06-07,2026-06-07T15:00:01Z,public,,PT1H1S,aJAxvdDR4L8,whispering shelves | infinite library ambient | dark academia drone,https://www.youtube.com/watch?v=aJAxvdDR4L8
49,2026-06-06,2026-06-06T15:00:01Z,unknown,,,Dk8zc5fMfjM,plastic dreams | empty indoor playground ambient | weirdly nostalgic drone,https://www.youtube.com/watch?v=Dk8zc5fMfjM
50,2026-06-06,2026-06-06T15:00:01Z,public,,PT1H1S,Dk8zc5fMfjM,plastic dreams | empty indoor playground ambient | weirdly nostalgic drone,https://www.youtube.com/watch?v=Dk8zc5fMfjM
51,2026-06-05,2026-06-05T15:00:04Z,unknown,,,NEJT1l7OQGw,golden shadows | empty classroom ambient | school nostalgia drone,https://www.youtube.com/watch?v=NEJT1l7OQGw
52,2026-06-05,2026-06-05T15:00:04Z,public,,PT1H1S,NEJT1l7OQGw,golden shadows | empty classroom ambient | school nostalgia drone,https://www.youtube.com/watch?v=NEJT1l7OQGw
53,2026-06-04,2026-06-04T15:00:08Z,public,,PT1H1S,h6GHYCkRMKg,waiting forever | empty transit station ambient | industrial liminal drone,https://www.youtube.com/watch?v=h6GHYCkRMKg
54,2026-06-03,2026-06-03T15:00:14Z,public,,PT1H1S,meF2D42d2-4,spinning neon | empty 3 am laundromat ambient | liminal soundscape,https://www.youtube.com/watch?v=meF2D42d2-4
55,2026-06-02,2026-06-02T15:00:01Z,public,,PT1H1S,DgP_fPKw8AM,endless carpet | infinite hotel corridor ambient | dreamcore space,https://www.youtube.com/watch?v=DgP_fPKw8AM
56,2026-06-01,2026-06-01T15:00:20Z,public,,PT1H1S,wl5LxRsbOBE,suburban fog | quiet street at 3 am ambient | nostalgic liminal drone,https://www.youtube.com/watch?v=wl5LxRsbOBE
57,2026-05-29,2026-05-29T15:00:06Z,public,,PT1H1S,PzkHP0arItU,submerged echoes | poolrooms ambient playlist | liminal space drone,https://www.youtube.com/watch?v=PzkHP0arItU
58,2026-05-28,2026-05-28T15:00:13Z,public,,PT1H1S,OHdEuOBQVGU,lost in the tiles | poolrooms ambient playlist | liminal space drone,https://www.youtube.com/watch?v=OHdEuOBQVGU
59,2026-05-26,2026-05-26T15:00:09Z,public,,PT1H1M,EnAZ7ytkWxM,The Eye in the Aurora | [No AI] Arctic Cosmic Horror,https://www.youtube.com/watch?v=EnAZ7ytkWxM
60,2026-05-25,2026-05-25T15:00:40Z,public,,PT1H1M,ZpU8JclbmIM,Crystalline Caverns of the Deep | Pure Cosmic Horror Ambience,https://www.youtube.com/watch?v=ZpU8JclbmIM
61,2026-05-24,2026-05-24T15:00:47Z,public,,PT1H1M,idkRCo91hiM,The Glacier's Pulsing Vein | Pure Cosmic Horror Ambience,https://www.youtube.com/watch?v=idkRCo91hiM
62,2026-05-23,2026-05-23T15:00:02Z,public,,PT1H1M,2E3pPiZCjYA,The Pale Horizon Witness | Pure Cosmic Horror Ambience,https://www.youtube.com/watch?v=2E3pPiZCjYA
63,2026-05-22,2026-05-22T15:00:39Z,public,,PT1H1M,UZRagfeoB6M,The Fractal Sailor | Pure Cosmic Horror Ambience,https://www.youtube.com/watch?v=UZRagfeoB6M
64,2026-05-21,2026-05-21T15:01:04Z,public,,PT1H1M,gb6Q5DjnmgI,The Icebound Ghost of HMS Erebus | Pure Cosmic Horror Ambience,https://www.youtube.com/watch?v=gb6Q5DjnmgI
65,2026-05-20,2026-05-20T15:00:54Z,public,,PT1H1M,VeQsFTqTxws,Standing on the Midnight Surface | Pure Cosmic Horror Ambience,https://www.youtube.com/watch?v=VeQsFTqTxws
66,2026-05-19,2026-05-19T15:01:12Z,public,,PT1H1M,oVf-WTTnVWw,The Abyssal Ribcage Glow | Pure Cosmic Horror Ambience,https://www.youtube.com/watch?v=oVf-WTTnVWw
67,2026-05-18,2026-05-18T15:01:12Z,public,,PT1H1M,mWUnPRsTNwo,The Violet Pulse of the Drift | Pure Cosmic Horror Ambience,https://www.youtube.com/watch?v=mWUnPRsTNwo
68,2026-05-17,2026-05-17T15:00:01Z,public,,PT1H1M,-xfJo-9hdUk,The Shore of Three Setting Suns | Pure Cosmic Horror Ambience,https://www.youtube.com/watch?v=-xfJo-9hdUk
69,2026-05-16,2026-05-16T15:01:24Z,public,,PT1H1M,u1Dy3EFjakU,Non-Euclidean Ice Secrets | Pure Cosmic Horror Ambience,https://www.youtube.com/watch?v=u1Dy3EFjakU
70,2026-05-15,2026-05-15T15:00:12Z,public,,PT1H1M,ABodi4atBRc,The Wave That Remembered | Pure Cosmic Horror Ambience,https://www.youtube.com/watch?v=ABodi4atBRc
71,2026-05-14,2026-05-14T15:00:57Z,public,,PT1H1M,ZuYqQiOqCfI,The Eye Beneath Rome | Pure Cosmic Horror Ambience,https://www.youtube.com/watch?v=ZuYqQiOqCfI
72,2026-05-13,2026-05-13T15:00:02Z,public,,PT1H1M,0imYuW4NXkw,The Sunken Spires of the Abyss | Pure Cosmic Horror Ambience,https://www.youtube.com/watch?v=0imYuW4NXkw
73,2026-05-12,2026-05-12T15:00:24Z,public,,PT1H1M,HROCpHnKpV4,The Harbor Shadow of R'lyeh | Pure Cosmic Horror Ambience,https://www.youtube.com/watch?v=HROCpHnKpV4
74,2026-05-11,2026-05-11T15:01:22Z,public,,PT1H1M,plYr2AJ1kms,Adrift in the Glass Void | Pure Cosmic Horror Ambience,https://www.youtube.com/watch?v=plYr2AJ1kms
75,2026-05-10,2026-05-10T15:01:34Z,public,,PT1H1M,zh_sSpXqvY4,The Lighthouse That Saw Too Much | Pure Cosmic Horror Ambience,https://www.youtube.com/watch?v=zh_sSpXqvY4
76,2026-05-09,2026-05-09T15:00:31Z,public,,PT1H1M,D1lMklc6NvU,The Leviathan's Twilight Breach | Pure Cosmic Horror Ambience,https://www.youtube.com/watch?v=D1lMklc6NvU
77,2026-05-07,2026-05-07T21:00:19Z,public,,PT1H1M,McoTgZPUNNo,The Harbor Shadow of R’lyeh – Lovecraftian Coastal Horror Ambience (1 Hour),https://www.youtube.com/watch?v=McoTgZPUNNo
78,2026-05-06,2026-05-06T21:00:51Z,public,,PT1H1M,qnGptRmmWeU,Adrift in the Glass Void – 1 Hour Ethereal Cosmic Ambient Soundscape,https://www.youtube.com/watch?v=qnGptRmmWeU
79,2026-05-05,2026-05-05T21:00:11Z,public,,PT1H1M,D9Kfc12d384,The Lighthouse That Saw Too Much – 1 Hour Stormy Coastal Ambience,https://www.youtube.com/watch?v=D9Kfc12d384
80,2026-05-04,2026-05-04T21:00:42Z,public,,PT1H1M,ZB_Oyf5mC6s,The Lighthouse That Saw Too Much – A Leviathan in the Cosmic Storm,https://www.youtube.com/watch?v=ZB_Oyf5mC6s
81,2026-05-03,2026-05-03T21:00:30Z,public,,PT1H1M,c3XP0JXjbWw,The Leviathan’s Twilight Breach | Deep Sea Dark Ambient (1 Hour),https://www.youtube.com/watch?v=c3XP0JXjbWw
82,2026-05-02,2026-05-02T21:00:01Z,public,,PT1H2S,0_VLyacpiyg,What the Pharaohs Were Trying to Contain… | 1 Hour of Cosmic Horror Ambience,https://www.youtube.com/watch?v=0_VLyacpiyg
83,2026-05-01,2026-05-01T21:00:33Z,public,,PT1H1S,NXczqbTNq48,frozen 169 years | hms erebus deep ambient | dark arctic drone,https://www.youtube.com/watch?v=NXczqbTNq48
84,2026-04-19,2026-04-19T21:00:04Z,public,,PT1H6S,43BTyc8looo,→ He Put His Ear to the Moon… And It Answered… | 1 Hour of Cosmic Horror Ambience,https://www.youtube.com/watch?v=43BTyc8looo
85,2026-04-17,2026-04-17T16:35:55Z,public,,PT1H6S,CXdHTI7ueL8,→ We Slept on the Moon… But Not Alone… | 1 Hour of Cosmic Horror Ambience,https://www.youtube.com/watch?v=CXdHTI7ueL8
86,2026-04-16,2026-04-16T21:01:03Z,public,,PT1H1S,tm_uuHIPpUI,Lost in Space | The Final Hours of an Astronaut | Cosmic Horror Ambience,https://www.youtube.com/watch?v=tm_uuHIPpUI
87,2026-04-15,2026-04-15T17:29:22Z,public,,PT1H1S,x_bwyCZ7R5s,Occult Desert Ritual | Cosmic Horror Ambient Music HD,https://www.youtube.com/watch?v=x_bwyCZ7R5s
88,2026-02-03,2026-02-03T21:30:39Z,public,,PT1H1S,4pycO2gWFsg,He Does Not Sleep… | 1 Hour of Cosmic Horror Ambience,https://www.youtube.com/watch?v=4pycO2gWFsg
89,2026-01-16,2026-01-16T10:27:28Z,public,,PT1H6S,X0vxRDaxzsg,The Last Stand Against the Unknown | 1 Hour Cosmic Horror,https://www.youtube.com/watch?v=X0vxRDaxzsg
90,2026-01-11,2026-01-11T20:33:56Z,public,,PT1H6S,O0yVjlJ-G_c,"The Father of All Bats, Seen Only Once... Lovecraftian Ambience",https://www.youtube.com/watch?v=O0yVjlJ-G_c
91,2026-01-05,2026-01-05T15:15:06Z,public,,PT1H6S,_7CHmewPimU,They Were Pulling More Than Signals… 1 Hour of Low Altitude Cosmic Horror Ambience,https://www.youtube.com/watch?v=_7CHmewPimU
92,2026-01-03,2026-01-03T16:13:12Z,public,,PT1H6S,YJIa03rdeYU,They Hovered Just Above the Roofs… 1 Hour of Low Altitude Cosmic Horror Ambience,https://www.youtube.com/watch?v=YJIa03rdeYU
93,2026-01-01,2026-01-01T13:01:31Z,public,,PT1H6S,k3saiGmmvuc,They Weren't Just Scarecrows... 1 Hour of Pure Cosmic Horror,https://www.youtube.com/watch?v=k3saiGmmvuc
94,2025-12-30,2025-12-30T14:45:00Z,public,,PT1H6S,26Sak4iVwOo,When the Lighthouse Beam Found the Wrong Thing | Cosmic Horror Ambience,https://www.youtube.com/watch?v=26Sak4iVwOo
95,2025-12-27,2025-12-27T22:01:07Z,public,,PT1H6S,zV0udVyr7Bg,The Sky Wasn’t Empty Anymore… 1 Hour of Cosmic Horror Ambience,https://www.youtube.com/watch?v=zV0udVyr7Bg
96,2025-12-26,2025-12-26T12:00:09Z,public,,PT1H6S,4bSTGVUnslQ,I Drove Toward It Without Slowing… 1 Hour of Cosmic Horror Ambience,https://www.youtube.com/watch?v=4bSTGVUnslQ
97,2025-12-24,2025-12-24T16:01:03Z,public,,PT1H6S,Zz7rc5RhUgc,Something Was Waiting Above the Road… 1 Hour of Cosmic Horror Ambience,https://www.youtube.com/watch?v=Zz7rc5RhUgc
98,2025-12-22,2025-12-22T17:15:00Z,public,,PT1H6S,70JMLQcR72g,There Was More Than One Shadow on the Road… 1 Hour of Cosmic Horror Ambience,https://www.youtube.com/watch?v=70JMLQcR72g
99,2025-12-19,2025-12-19T22:00:08Z,public,,PT1H6S,4mLFcD0iRFI,He Approaches Under Quiet Waves    1 Hour Lovecraftian Ambiance,https://www.youtube.com/watch?v=4mLFcD0iRFI
100,2025-12-17,2025-12-17T22:01:07Z,public,,PT1H6S,vhXyEgL8lgQ,Lovecraftian Ambience in an Underground Parking Garage... 1 Hour of Cosmic Horror,https://www.youtube.com/watch?v=vhXyEgL8lgQ
101,2025-12-15,2025-12-15T22:31:19Z,public,,PT1H6S,HqlD-dpzRuE,A lost child meets a Lovecraftian monster,https://www.youtube.com/watch?v=HqlD-dpzRuE
102,2025-12-13,2025-12-13T22:00:48Z,public,,PT1H6S,jtTNBKxlhnA,"She faced the thing she couldn’t name, Like Every Sunday Night… 1 Hour of Cosmic Horror Ambience",https://www.youtube.com/watch?v=jtTNBKxlhnA
103,2025-12-12,2025-12-12T16:01:45Z,public,,PT1H6S,zIO8-u1XFoE,"I looked at the nothingness, and it looked back at me... 1 Hour of Cosmic Horror Ambience",https://www.youtube.com/watch?v=zIO8-u1XFoE
104,2025-12-10,2025-12-10T17:15:03Z,public,,PT1H1S,EzicUtkSXCA,"Where the waves ended, its wings began... 1 Hour of Cosmic Horror Ambience",https://www.youtube.com/watch?v=EzicUtkSXCA
105,2025-12-08,2025-12-08T14:45:13Z,public,,PT1H1S,iWRfPcLhTlE,When the City Looked Up…  1 Hour of Cosmic Horror Ambience,https://www.youtube.com/watch?v=iWRfPcLhTlE
106,2025-12-06,2025-12-06T17:00:57Z,public,,PT1H6S,_0Eh5vecges,Something rises in the fog…  1 Hour of Cosmic Horror Ambience,https://www.youtube.com/watch?v=_0Eh5vecges
107,2025-12-04,2025-12-04T15:45:00Z,public,,PT1H6S,-m4KvVwAzDc,Something Has Taken the Tower…  Lovecraftian Cosmic Ambience,https://www.youtube.com/watch?v=-m4KvVwAzDc
108,2025-12-02,2025-12-02T18:30:59Z,public,,PT1H6S,l1bfpiIHWt0,Campfire Below the Leviathan... 1 Hour of Cosmic Horror Ambience,https://www.youtube.com/watch?v=l1bfpiIHWt0
109,2025-11-30,2025-11-30T15:00:19Z,public,,PT1H6S,ATEuISwDjMw,Late Night Laundry in the Wrong Dimension…  1 Hour of Cosmic Horror Ambience,https://www.youtube.com/watch?v=ATEuISwDjMw
110,2025-11-28,2025-11-28T13:30:20Z,public,,PT1H6S,8tZvwDSHkNA,When Cthulhu Wanders Into Your Meadow…  1 Hour of Peaceful Cosmic Horror Ambience,https://www.youtube.com/watch?v=8tZvwDSHkNA
111,2025-11-26,2025-11-26T15:30:04Z,public,,PT1H6S,5POMoXCC-TI,Cthulhu Watched the Shoreline Without Blinking... 1 Hour of Cosmic Horror Ambience,https://www.youtube.com/watch?v=5POMoXCC-TI
112,2025-11-24,2025-11-24T13:31:04Z,public,,PT1H6S,uEqU0YpNHd4,Something Ancient Came Home Through the Fog... 1 Hour of Cosmic Horror Ambience,https://www.youtube.com/watch?v=uEqU0YpNHd4
113,2025-11-22,2025-11-22T13:00:14Z,public,,PT1H5S,7RuYd6AWQgw,Something old is correcting the world... 1 Hour of Cosmic Horror Ambience,https://www.youtube.com/watch?v=7RuYd6AWQgw
114,2025-11-20,2025-11-20T14:30:38Z,public,,PT1H6S,ZduTApUVPLc,It Rose from the Soil Knowing My Name…  1 Hour of Cosmic Horror Ambience,https://www.youtube.com/watch?v=ZduTApUVPLc
115,2025-11-18,2025-11-18T19:15:01Z,public,,PT1H6S,DZcqE48x-EM,"McDonald’s, 65 Million Years Later",https://www.youtube.com/watch?v=DZcqE48x-EM
116,2025-11-16,2025-11-16T17:45:01Z,public,,PT1H5M1S,AsNV37IAeio,"Elephants of Jupiter, 2912 BC",https://www.youtube.com/watch?v=AsNV37IAeio
117,2025-11-14,2025-11-14T15:30:24Z,public,,PT1H5M1S,cLPCNVEW7kI,"The Lost Sea, 150 Million Years Ago",https://www.youtube.com/watch?v=cLPCNVEW7kI
118,2025-11-11,2025-11-11T23:45:03Z,public,,PT1H6S,i2coufrDJbw,"The Dinosaurs of Saturn, 2912 BC",https://www.youtube.com/watch?v=i2coufrDJbw
119,2025-11-10,2025-11-10T09:30:04Z,public,,PT2H7M1S,7itMgWJkJHo,"Return to the Age of Giants, 3024 AD",https://www.youtube.com/watch?v=7itMgWJkJHo
120,2025-11-08,2025-11-08T12:30:40Z,public,,PT1H6S,PntGFkzcnMc,"Mammoth Steppe, 18,500 BC",https://www.youtube.com/watch?v=PntGFkzcnMc
121,2025-11-06,2025-11-06T17:30:18Z,public,,PT1H6S,TnrMmwIlZFw,"Last Witness of Liberty, 2999",https://www.youtube.com/watch?v=TnrMmwIlZFw
122,2025-11-04,2025-11-04T10:01:08Z,public,,PT1H6S,bzL4ZIAf-4Q,"River of Giants, 65 million years ago",https://www.youtube.com/watch?v=bzL4ZIAf-4Q
123,2025-11-02,2025-11-02T10:00:39Z,public,,PT1H6S,NbGr_lNSDZw,"Plesiosaur Lake, 65 million years ago",https://www.youtube.com/watch?v=NbGr_lNSDZw
124,2025-10-30,2025-10-30T23:15:01Z,public,,PT2H7M,2ciEj4LOlz4,You found the Gardened Machine,https://www.youtube.com/watch?v=2ciEj4LOlz4
125,2025-10-29,2025-10-29T12:11:31Z,public,,PT2H7M1S,G5pS8PCWTdw,"You Drift in a Wooden Canoe Across the Prehistoric Swamp, 2912 BC",https://www.youtube.com/watch?v=G5pS8PCWTdw
126,2025-10-26,2025-10-26T08:45:04Z,public,,PT2H7M1S,c_HCRwNwE68,"Journey across the Savannah, 2912",https://www.youtube.com/watch?v=c_HCRwNwE68
127,2025-10-24,2025-10-24T09:15:08Z,public,,PT2H7M1S,sUA1I6od_Ls,"He Who Waited Before Time, A Deep Ambient Journey",https://www.youtube.com/watch?v=sUA1I6od_Ls
128,2025-10-22,2025-10-22T09:30:13Z,public,,PT2H7M1S,SN2W0UwF3cg,Dinosaur Lake at Dusk – Tranquil Prehistoric Soundscape,https://www.youtube.com/watch?v=SN2W0UwF3cg
129,2025-10-20,2025-10-20T19:30:09Z,public,,PT2H7M1S,W-Is0DmmKro,Jurassic Treehouse Ambience Cozy Village Sounds for Deep Focus & Relaxation,https://www.youtube.com/watch?v=W-Is0DmmKro
130,2025-10-18,2025-10-18T14:30:17Z,public,,PT2H7M1S,MRsswdeV2_s,Sleep with the Giants Primordial River Ambience,https://www.youtube.com/watch?v=MRsswdeV2_s
131,2025-10-16,2025-10-16T07:30:14Z,public,,PT2H7M,MR8CLfez6z0,You Found The Perfect Tomorrow ✦ New Eden Green Noise Ambience,https://www.youtube.com/watch?v=MR8CLfez6z0
132,2025-10-14,2025-10-14T19:30:02Z,public,,PT2H7M,OYIAyu_r_mQ,You Found The Perfect Tomorrow,https://www.youtube.com/watch?v=OYIAyu_r_mQ
133,2025-10-12,2025-10-12T18:15:01Z,public,,PT2H7M,N-Qf3ERGsn8,You Found The City of Tomorrow,https://www.youtube.com/watch?v=N-Qf3ERGsn8
134,2025-10-10,2025-10-10T17:45:05Z,public,,PT2H7M,edKiC-nsTtA,You Fall Asleep In The Forest of the City,https://www.youtube.com/watch?v=edKiC-nsTtA
135,2025-10-08,2025-10-08T17:15:00Z,public,,PT2H7M,0ZLN-yegwMU,You Sleep Beneath the Moon’s Gentle Gravity,https://www.youtube.com/watch?v=0ZLN-yegwMU
136,2025-10-06,2025-10-06T15:00:20Z,public,,PT2H7M,5yeGNk6cORI,A Quiet Night in the City Where Futures Are Dreamt,https://www.youtube.com/watch?v=5yeGNk6cORI
137,2025-10-04,2025-10-04T19:00:08Z,public,,PT2H7M,ArkX7gJdhwk,The City That Dreamed Us Into Morning,https://www.youtube.com/watch?v=ArkX7gJdhwk
138,2025-10-01,2025-10-01T22:08:45Z,public,,PT2H7M,yDfx13J-U6M,A Night in the City Where the Moon Never Lets Go,https://www.youtube.com/watch?v=yDfx13J-U6M
139,2025-09-29,2025-09-29T18:15:01Z,public,,PT2H7M1S,7ZZ5D0XTsz8,A Future Where We All Slept on The Moon,https://www.youtube.com/watch?v=7ZZ5D0XTsz8
140,2025-09-27,2025-09-27T17:22:32Z,public,,PT2H7M1S,siTrP7m_Ufc,Tomorrow Waits Quietly In Your Sleep,https://www.youtube.com/watch?v=siTrP7m_Ufc
141,2025-09-25,2025-09-25T16:15:01Z,public,,PT2H7M,a7gdxXQeK6c,The Future We Found While Dreaming,https://www.youtube.com/watch?v=a7gdxXQeK6c
142,2025-09-23,2025-09-23T12:10:38Z,public,,PT2H7M,19yzMFfbXEc,The Place Where Dreams And Futures Meet,https://www.youtube.com/watch?v=19yzMFfbXEc
143,2025-09-21,2025-09-21T18:45:02Z,public,,PT10H1S,ZO15vcojqeo,10 Hour Sentinel Watching the Moon,https://www.youtube.com/watch?v=ZO15vcojqeo
144,2025-09-17,2025-09-17T20:15:01Z,public,,PT10H1S,VPko-B0HM64,10 Hours of Alone Time  Futuristic Tranquility & Creative Flow,https://www.youtube.com/watch?v=VPko-B0HM64
145,2025-09-15,2025-09-15T20:27:06Z,public,,PT10H1S,-tg9kTtl0Hc,the fields of green 10 hour ambiance,https://www.youtube.com/watch?v=-tg9kTtl0Hc
146,2025-09-13,2025-09-13T18:00:02Z,public,,PT10H1M23S,15m6j6rQumM,10 Hours by the Alien Lake | Delta Brainwaves Under Twin Moons,https://www.youtube.com/watch?v=15m6j6rQumM
147,2025-09-11,2025-09-11T14:30:43Z,public,,PT9H59M59S,sognUwka20M,10 Hours of Sleep Before The Egg,https://www.youtube.com/watch?v=sognUwka20M
148,2025-09-09,2025-09-09T18:45:01Z,public,,PT10H2S,2nL1w-Q1ByE,10 Hours of Deep Sleep: An Astronaut's Quiet Journey Under a Cosmic Sky,https://www.youtube.com/watch?v=2nL1w-Q1ByE
149,2025-09-07,2025-09-07T19:30:03Z,public,,PT10H1S,K1l4kLBSX5g,10 Hours Nap in the Lonely Chair | Meditative Sound Journey,https://www.youtube.com/watch?v=K1l4kLBSX5g
150,2025-09-05,2025-09-05T13:45:04Z,public,,PT10H2S,WyNQHKaohnc,10 Hours of GOD Watching You Sleep Ambiance,https://www.youtube.com/watch?v=WyNQHKaohnc
151,2025-09-03,2025-09-03T14:15:00Z,public,,PT10H2S,2vM1dhxitvo,10 Hours Lost in the Pink Wilderness | Sleep Ambience for Night Travelers & Stargazers,https://www.youtube.com/watch?v=2vM1dhxitvo
152,2025-09-01,2025-09-01T16:45:01Z,public,,PT8H12S,CEaRSGHNUXk,"8 Hour Ambient Journey Through the Stars Cosmic Space, Futuristic Clouds, Sci Fi Relaxation",https://www.youtube.com/watch?v=CEaRSGHNUXk
153,2025-08-30,2025-08-30T16:15:03Z,public,,PT10H1S,_QjrkPqIOVU,"The World's Edge, 75 Million Years AD – Deep Space Ocean Soundscape",https://www.youtube.com/watch?v=_QjrkPqIOVU
154,2025-08-28,2025-08-28T16:22:46Z,public,,PT10H1S,O80x_s_ZDVo,10 Hours of the Red Sun Descending | Sleep & Meditation Ambience,https://www.youtube.com/watch?v=O80x_s_ZDVo
155,2025-08-26,2025-08-26T19:15:02Z,public,,PT7H59M21S,zUqYvFUx26E,10 Hours in the Neon Jungle Alien | Ambience for Sleep & Study,https://www.youtube.com/watch?v=zUqYvFUx26E
156,2025-08-24,2025-08-24T19:45:01Z,public,,PT10H1S,2eSyr2Q7auk,10 Hours in the Cathedral of the Cosmos | Deep Space Soundscape,https://www.youtube.com/watch?v=2eSyr2Q7auk
157,2025-08-22,2025-08-22T18:45:01Z,public,,PT10H,8ja7ofAUVhk,Saturn’s Gardens | 10 Hours of Cosmic Ambience for Sleep & Study,https://www.youtube.com/watch?v=8ja7ofAUVhk
158,2025-08-20,2025-08-20T14:47:55Z,public,,PT10H1S,ewuY-J0Htm8,Forgotten Sky Castle | 10 Hours Sleep Ambience,https://www.youtube.com/watch?v=ewuY-J0Htm8
159,2025-08-17,2025-08-17T19:45:06Z,public,,PT3H1S,xAj-lkkRRwY,3 Hours The Last House Before the Sea | Sunset Over Still Waters,https://www.youtube.com/watch?v=xAj-lkkRRwY
160,2025-08-15,2025-08-15T19:30:00Z,public,,PT3H1S,5Rh8VVo5t9s,3 Hours Beside the Campfire with the Last Explorer | Alien Night Ambience for Sleep and Study,https://www.youtube.com/watch?v=5Rh8VVo5t9s
161,2025-08-13,2025-08-13T17:15:00Z,public,,PT3H1S,H9lBDpYsxrE,3 Hours Resting with the Silent Watcher Beneath the Alien Sun | Sci Fi Wind Ambience for Sleep,https://www.youtube.com/watch?v=H9lBDpYsxrE
162,2025-08-11,2025-08-11T14:07:54Z,public,,PT8H1S,OE5PeQB22wA,8 Hours Under the Burning Eye of the Sky Fortress | Deep Sci Fi Ambience for Sleep & Study,https://www.youtube.com/watch?v=OE5PeQB22wA
163,2025-08-07,2025-08-07T20:00:16Z,public,,PT10H1S,AlwHu_Pc0zg,10 Hours Sleeping at the Castle Wrapped in Starlight,https://www.youtube.com/watch?v=AlwHu_Pc0zg
164,2025-08-05,2025-08-05T17:30:06Z,public,,PT10H1S,QdzG1fC4u9c,10 Hours of Sleep Beside the Fortress,https://www.youtube.com/watch?v=QdzG1fC4u9c
165,2025-08-03,2025-08-03T20:15:00Z,public,,PT8H1S,LrhnrXpzPDk,8 Hours of Windy Silence at the Frozen Citadel for Sleep and Study,https://www.youtube.com/watch?v=LrhnrXpzPDk
166,2025-08-01,2025-08-01T20:54:34Z,public,,PT8H1S,146hW7w8QLM,8 Hours of Windy Silence in Red Megacity for Sleep and Study,https://www.youtube.com/watch?v=146hW7w8QLM
167,2025-07-29,2025-07-29T20:45:11Z,public,,PT8H1S,3nC3vAuOl38,8 Hours of Windy Snowfall at the Cliffside Castle for Sleep and Study,https://www.youtube.com/watch?v=3nC3vAuOl38
168,2025-07-27,2025-07-27T20:46:58Z,public,,PT8H1S,zAhBHgEA-nk,8 Hours of Windy Moonlit Valley Ambience for Sleep and Study,https://www.youtube.com/watch?v=zAhBHgEA-nk
169,2025-07-24,2025-07-24T18:14:01Z,public,,PT10H1S,7odeLV_c5XQ,10 Hour of Windy Cliffside Ocean Ambience for Sleep and Study,https://www.youtube.com/watch?v=7odeLV_c5XQ
170,2025-07-23,2025-07-23T18:31:08Z,public,,PT10H1S,nSO0s4x-aQU,10 Hour Forgotten Castle from an Alient World Ambience for Deep Sleep & Relaxation,https://www.youtube.com/watch?v=nSO0s4x-aQU
171,2025-07-22,2025-07-22T20:00:14Z,public,,PT10H1S,NRGssMs2KNw,10-Hour of Whispering Winds Around the Mars Castle: Eerie Red Fog Ambience for Deep Sleep,https://www.youtube.com/watch?v=NRGssMs2KNw
172,2025-07-21,2025-07-21T18:45:00Z,public,,PT3H1S,C5Uh6J4e2hA,"Ruins of the Warrior King, 12.100 AD",https://www.youtube.com/watch?v=C5Uh6J4e2hA
173,2025-07-20,2025-07-20T18:45:00Z,public,,PT3H1S,abSLDk_90fc,"Nebula Tide, 670 Million Years Later – Deep Space Ocean Soundscape",https://www.youtube.com/watch?v=abSLDk_90fc
174,2025-07-19,2025-07-19T20:15:05Z,public,,PT10H2S,niW4FNiGvww,The Planet With 2 Suns,https://www.youtube.com/watch?v=niW4FNiGvww
175,2025-07-18,2025-07-18T20:15:01Z,public,,PT9H59M59S,6hKOOK2arFM,"The Alps, 7 Million Years later",https://www.youtube.com/watch?v=6hKOOK2arFM
176,2025-07-17,2025-07-17T20:15:04Z,public,,PT10H1S,KyOdBWYGjZc,"Dubai, 3030 AD",https://www.youtube.com/watch?v=KyOdBWYGjZc
177,2025-07-16,2025-07-16T20:15:01Z,public,,PT9H59M58S,IUAAJWouAAQ,"The Strange Planet, 3440 AD",https://www.youtube.com/watch?v=IUAAJWouAAQ
178,2025-07-15,2025-07-15T19:45:00Z,public,,PT10H,A5WhI3xTgFQ,"Planet Virelios, 600 Million Years into the Future - 10 Hour Deep Focus Ambience",https://www.youtube.com/watch?v=A5WhI3xTgFQ
179,2025-07-14,2025-07-14T19:45:06Z,public,,PT10H1S,mqMI0og3b5g,"South Africa, 2 million years later",https://www.youtube.com/watch?v=mqMI0og3b5g
180,2025-07-13,2025-07-13T20:00:38Z,public,,PT10H1S,xBQHXvb9nho,"Earth's Obelisks, 30 million years after us",https://www.youtube.com/watch?v=xBQHXvb9nho
181,2025-07-12,2025-07-12T20:00:31Z,public,,PT3H1S,cce-_tPeEdM,"Cloud Kingdom, 44 Million Years Later — Peaceful Planetary Soundscape",https://www.youtube.com/watch?v=cce-_tPeEdM
182,2025-07-11,2025-07-11T19:45:00Z,public,,PT3H1S,FFXbUhV-ls0,"The Moon, 1.3 Million Years Later – Deep Ambient Ritual Soundscape",https://www.youtube.com/watch?v=FFXbUhV-ls0
183,2025-07-10,2025-07-10T20:15:01Z,public,,PT3H1S,4qcSq2XOTko,"New Eden, 2904 AD – Utopian Soundscape for Focus & Relaxation",https://www.youtube.com/watch?v=4qcSq2XOTko
184,2025-07-09,2025-07-09T20:00:35Z,public,,PT3H1S,dZeCmwqvgGI,"Valley of Celestial Thrones, 8124 AD – Ambient Journey Through a Space Kingdom",https://www.youtube.com/watch?v=dZeCmwqvgGI
185,2025-07-08,2025-07-08T20:00:17Z,public,,PT3H1S,UEqxd7REGOk,"Planet Liora, 5.3 Billion Years into the Future – Solar Flare Ambience for Sleep & Reflection",https://www.youtube.com/watch?v=UEqxd7REGOk
186,2025-07-07,2025-07-07T20:00:06Z,public,,PT3H1S,B94rSmpCMAA,"Ruins of Solariis, 9044 AD – Ancient Megastructure Ambience for Sleep & Deep Focus",https://www.youtube.com/watch?v=B94rSmpCMAA
187,2025-07-06,2025-07-06T20:30:19Z,public,,PT10H1S,zLrtQXfB-FU,"Planet Thaloria, 240 AD",https://www.youtube.com/watch?v=zLrtQXfB-FU
188,2025-07-05,2025-07-05T19:15:03Z,public,,PT10H1S,ushnE-HoRjs,"Planet Eridrax, 720 Million Years AD",https://www.youtube.com/watch?v=ushnE-HoRjs
189,2025-07-04,2025-07-04T20:30:03Z,public,,PT10H2S,XEtqcltul7I,"Planet Caeluma, 140 Million Years AD",https://www.youtube.com/watch?v=XEtqcltul7I
190,2025-07-03,2025-07-03T20:30:05Z,public,,PT10H1M1S,Wn_03t3VGs0,"The World, 404 AD",https://www.youtube.com/watch?v=Wn_03t3VGs0
191,2025-07-02,2025-07-02T20:00:08Z,public,,PT10H2S,BCSkyIyogNs,Callisto (Moon of Jupiter) 350 Million Years into the Future,https://www.youtube.com/watch?v=BCSkyIyogNs
192,2025-07-01,2025-07-01T20:45:02Z,public,,PT10H2S,b2RRfsUs89o,"Kepler 186f, 1.2 Billion Years into the Future",https://www.youtube.com/watch?v=b2RRfsUs89o
193,2025-06-30,2025-06-30T19:45:00Z,public,,PT10H1S,4K_IPrOGJW0,Enceladus (Moon of Saturn) - 610 Million Years into the Future,https://www.youtube.com/watch?v=4K_IPrOGJW0
194,2025-06-29,2025-06-29T20:00:35Z,public,,PT10H4S,sbrkrR9JlKA,"Titan, 120 Million Years into the Future",https://www.youtube.com/watch?v=sbrkrR9JlKA
195,2025-06-28,2025-06-28T19:45:04Z,public,,PT10H,W2PAs0gw75E,"Uranus, 900 Million Years into the Future",https://www.youtube.com/watch?v=W2PAs0gw75E
196,2025-06-27,2025-06-27T18:45:00Z,public,,PT10H1S,GkW26GHoHTA,"Pluto, 699,000 AD",https://www.youtube.com/watch?v=GkW26GHoHTA
197,2025-06-26,2025-06-26T07:15:00Z,public,,PT10H,20ePXX1QbHg,"Saturn, 230 Million Years into the Future",https://www.youtube.com/watch?v=20ePXX1QbHg
198,2025-06-25,2025-06-25T19:30:08Z,public,,PT10H1S,xW9asazK0Ww,"Mercury, 900 Million Years into the Future",https://www.youtube.com/watch?v=xW9asazK0Ww
199,2025-06-24,2025-06-24T21:07:15Z,public,,PT10H2S,mU4WnWOhKi4,"Jupiter, 310 Million Years into the Future",https://www.youtube.com/watch?v=mU4WnWOhKi4
200,2025-06-23,2025-06-23T20:41:56Z,public,,PT10H1S,iVMChDAonY0,"Neptune, 480 Million Years into the Future",https://www.youtube.com/watch?v=iVMChDAonY0
201,2025-06-22,2025-06-22T12:00:29Z,public,,PT10H2S,Hl4HjkvZp9Q,"Venus, 122,311 AD — Hanging Gardens of the Western Archipelago",https://www.youtube.com/watch?v=Hl4HjkvZp9Q
202,2025-06-21,2025-06-21T11:15:01Z,public,,PT10H1S,1ppf_sk-5ps,"Mars, 120,000 AD — Cloud Temples Above Olympus Mons",https://www.youtube.com/watch?v=1ppf_sk-5ps
203,2025-06-20,2025-06-20T11:00:51Z,public,,PT10H1S,P55q5Hkf5uo,Staring into the Nebula ✦ Sleep Frequencies [60Hz–432Hz  Brown & Pink Noise],https://www.youtube.com/watch?v=P55q5Hkf5uo
204,2025-06-19,2025-06-19T10:49:33Z,public,,PT10H1S,xFYT76iAs3g,Sleeping Through the Apocalypse ✦ Brown & Pink Noise for Purification,https://www.youtube.com/watch?v=xFYT76iAs3g
205,2025-06-18,2025-06-18T06:25:27Z,public,,PT10H1S,v2-U7NANrsg,Levitation Sleep ✦ 432Hz Delta Waves for Astral Rest,https://www.youtube.com/watch?v=v2-U7NANrsg
206,2025-06-07,2025-06-07T07:02:28Z,public,,PT10H1S,VmXY-MwoTDo,Moonlight Chakras ✦ Delta Sound Descent ✦ Binaural Healing Sleep,https://www.youtube.com/watch?v=VmXY-MwoTDo
207,2025-06-03,2025-06-03T20:59:13Z,public,,PT10H,MMfYb7TnlV4,Moons Aligned for Sleep ✦ Delta Healing Soundscape ✦ Binaural Frequencies,https://www.youtube.com/watch?v=MMfYb7TnlV4
208,2025-05-30,2025-05-30T14:00:12Z,public,,PT10H1S,8lD0j14EQDg,Red Moon Sleep ✦ Binaural Healing Sounds ✦ Delta Brainwave Frequencies,https://www.youtube.com/watch?v=8lD0j14EQDg
209,2025-05-27,2025-05-27T12:15:03Z,public,,PT10H,UplPuV9xMLc,Zero Gravity Sleep ✦ Delta Frequencies in the Void ✦ Healing Binaural Beats,https://www.youtube.com/watch?v=UplPuV9xMLc
210,2025-05-22,2025-05-22T12:30:50Z,public,,PT10H,k-QmqYJpnw4,Deep Sleep Looping in Space ✦ Theta & Delta Brainwaves ✦ Binaural,https://www.youtube.com/watch?v=k-QmqYJpnw4
211,2025-05-20,2025-05-20T15:40:22Z,public,,PT10H,gywno3FUeU0,Theta to Delta Brainwaves ✦ Binaural Beats for Stress Relief & Sleep,https://www.youtube.com/watch?v=gywno3FUeU0
212,2025-04-25,2025-04-25T09:09:48Z,public,,PT10H,LoglfmZQWd0,Pomegranate Noise 20-250 Hz | Deep Crimson,https://www.youtube.com/watch?v=LoglfmZQWd0
213,2025-04-21,2025-04-21T21:00:50Z,public,,PT10H1S,pslVkeKt3-A,Strawberry Noise 20-250 Hz | Sweetest Sleep in the Galaxy,https://www.youtube.com/watch?v=pslVkeKt3-A
214,2025-04-18,2025-04-18T21:00:08Z,public,,PT10H,95K8kUJk21w,Citrus Noise 30-120 Hz | Juicy Deep Sleep Frequency,https://www.youtube.com/watch?v=95K8kUJk21w
215,2025-04-15,2025-04-15T21:00:01Z,public,,PT10H1S,aNH4Rz46YT0,Indigo Noise 20-250 Hz | Deep Sleep Resonance,https://www.youtube.com/watch?v=aNH4Rz46YT0
216,2025-04-12,2025-04-12T21:00:22Z,public,,PT10H1S,RIPtKPUGxLE,Yellow Noise 20-250 Hz | Warm Sleep Atmosphere,https://www.youtube.com/watch?v=RIPtKPUGxLE
217,2025-04-09,2025-04-09T21:00:09Z,public,,PT10H1S,BjW55UIZVOw,Astral White Noise 20-250 Hz | Pure Sleep Serenity,https://www.youtube.com/watch?v=BjW55UIZVOw
218,2025-04-06,2025-04-06T21:00:35Z,public,,PT10H1S,jQNSbP1RkpM,Cosmic Purple Noise 100 - 300 Hz | Ultra-Deep Sleep Journey,https://www.youtube.com/watch?v=jQNSbP1RkpM
219,2025-04-03,2025-04-03T21:00:33Z,public,,PT10H,U1U_Mm-KoXI,Aurora Green Noise 100 - 300 Hz | Northern Lights Sleep Calm,https://www.youtube.com/watch?v=U1U_Mm-KoXI
220,2025-03-31,2025-03-31T21:00:11Z,public,,PT10H,AkZ0GQNxAIM,Deep Blue Noise 10 - 50 Hz | Space Sleep Tranquility,https://www.youtube.com/watch?v=AkZ0GQNxAIM
221,2025-03-30,2025-03-30T20:53:53Z,public,,PT10H1S,nLWW8YY_stI,Red Noise 20 - 250 Hz | Ultra-Deep Sleep Atmosphere,https://www.youtube.com/watch?v=nLWW8YY_stI
222,2025-03-17,2025-03-17T09:13:20Z,public,,PT10H,CjdSkIc9YSw,Deep Space Explorer Rest on a new Planet 10 Hours Theta Waves,https://www.youtube.com/watch?v=CjdSkIc9YSw
223,2025-03-03,2025-03-03T10:07:39Z,public,,PT10H1S,8LgVfyfA4XQ,you took the white pill,https://www.youtube.com/watch?v=8LgVfyfA4XQ
224,2025-02-22,2025-02-22T15:01:04Z,public,,PT10H1S,kAlwc11mPU8,"you are home, you can rest now",https://www.youtube.com/watch?v=kAlwc11mPU8
225,2025-02-20,2025-02-20T14:00:31Z,public,,PT10H1S,L6mLniQe94s,"rest is not surrender, space explorer",https://www.youtube.com/watch?v=L6mLniQe94s
226,2025-02-18,2025-02-18T15:30:12Z,public,,PT1H1S,VbkqnYnbu98,you have found a peaceful nebula,https://www.youtube.com/watch?v=VbkqnYnbu98
227,2025-02-15,2025-02-15T22:00:04Z,public,,PT1H28S,2v6yyV5BS5Q,"alone, but not lost",https://www.youtube.com/watch?v=2v6yyV5BS5Q
228,2025-02-14,2025-02-14T15:00:28Z,public,,PT1H2S,N7aamqPiF6Y,you're exactly where you need to be,https://www.youtube.com/watch?v=N7aamqPiF6Y
229,2025-02-12,2025-02-12T12:55:55Z,public,,PT1H1S,p8fjUHmacKc,"you must rest here, space explorer",https://www.youtube.com/watch?v=p8fjUHmacKc
230,2025-02-10,2025-02-10T11:48:46Z,public,,PT1H1S,-kD_5Th0XeQ,it's 3 am but you are building your future,https://www.youtube.com/watch?v=-kD_5Th0XeQ
231,2025-02-06,2025-02-06T02:00:40Z,public,,PT1H1S,vjQErYM42ss,"where stars paint the petals, you find peace",https://www.youtube.com/watch?v=vjQErYM42ss
232,2025-02-03,2025-02-03T16:30:11Z,public,,PT1H1S,hfipEJrLWeQ,a quiet journey into hopeland,https://www.youtube.com/watch?v=hfipEJrLWeQ
233,2025-02-02,2025-02-02T15:30:30Z,public,,PT1H1S,uFtnnp99g0o,you are experiencing a moment suspended in time,https://www.youtube.com/watch?v=uFtnnp99g0o
234,2025-02-01,2025-02-01T14:30:01Z,public,,PT1H2S,1hGE_ZjoGrM,you have found peace in the endless sky,https://www.youtube.com/watch?v=1hGE_ZjoGrM
235,2025-01-31,2025-01-31T14:00:23Z,public,,PT1H1S,PzpI8TMfh8w,the distant horizon calls you home.,https://www.youtube.com/watch?v=PzpI8TMfh8w
236,2025-01-30,2025-01-30T13:21:45Z,public,,PT1H1S,kP2YsT7Gy0s,a new path lies upon the horizon,https://www.youtube.com/watch?v=kP2YsT7Gy0s
237,2025-01-29,2025-01-29T18:03:25Z,public,,PT10H1S,WiYceoXuLgM,empty of thoughts.,https://www.youtube.com/watch?v=WiYceoXuLgM
238,2025-01-28,2025-01-28T16:30:35Z,public,,PT10H1S,IYDDxrBiPs0,a night of cosmic sleep,https://www.youtube.com/watch?v=IYDDxrBiPs0
239,2025-01-27,2025-01-27T13:01:01Z,public,,PT10H1S,engkobQlVgE,you are traveling between galaxies and dreams,https://www.youtube.com/watch?v=engkobQlVgE
240,2025-01-25,2025-01-25T20:30:07Z,public,,PT1H1S,kSZlxZSniRo,the Earth is flourishing again.,https://www.youtube.com/watch?v=kSZlxZSniRo
241,2025-01-23,2025-01-23T16:58:51Z,public,,PT8H1S,bo4lu6RHBbA,you found the golden egg.,https://www.youtube.com/watch?v=bo4lu6RHBbA
242,2025-01-22,2025-01-22T16:35:20Z,public,,PT10H1S,uN6tF1hPnzo,You found a resting place between worlds,https://www.youtube.com/watch?v=uN6tF1hPnzo
243,2025-01-21,2025-01-21T14:01:17Z,public,,PT10H1S,z5mVTNQxyuw,"you have traveled far, rest now… 🌙",https://www.youtube.com/watch?v=z5mVTNQxyuw
244,2025-01-18,2025-01-18T23:14:34Z,public,,PT10H,ylMVz1qoND4,‎,https://www.youtube.com/watch?v=ylMVz1qoND4
245,2025-01-14,2025-01-14T13:01:18Z,public,,PT10H1S,vufBiXyFKKc,you landed on a new planet and you start exploring,https://www.youtube.com/watch?v=vufBiXyFKKc
246,2025-01-12,2025-01-12T18:00:13Z,public,,PT8H1S,LcAjQkjP0rQ,8 hour final sleep before landing,https://www.youtube.com/watch?v=LcAjQkjP0rQ
247,2025-01-06,2025-01-06T21:43:04Z,public,,PT12H,-5NgoubVtQs,take this... go to sleep 🌙,https://www.youtube.com/watch?v=-5NgoubVtQs
248,2025-01-03,2025-01-03T13:00:57Z,public,,PT50M6S,h8v1tjvmyfA,A Playlist for Studying with Socrates in the Agora,https://www.youtube.com/watch?v=h8v1tjvmyfA
249,2024-12-27,2024-12-27T18:00:11Z,public,,PT1H46S,InKpq9YnN_k,playlist for polishing lenses with Spinoza,https://www.youtube.com/watch?v=InKpq9YnN_k
250,2024-12-24,2024-12-24T17:34:03Z,public,,PT56M12S,4LX92_axsCs,Santa has left the North Pole,https://www.youtube.com/watch?v=4LX92_axsCs
251,2024-12-21,2024-12-21T11:51:51Z,public,,PT1H12M2S,60A4JuFnnlU,"A Christmas playlist for wrapping presents, sipping hot cocoa, and other cozy things",https://www.youtube.com/watch?v=60A4JuFnnlU
252,2024-12-17,2024-12-17T10:29:58Z,public,,PT48M55S,uYIcU3oF9nw,holiday shopping stress relief LoFi mix,https://www.youtube.com/watch?v=uYIcU3oF9nw
253,2024-12-14,2024-12-14T11:10:12Z,public,,PT1H51S,Lng8u-bXmzg,"music for snow day cuddles, board games, and warming up by the fire",https://www.youtube.com/watch?v=Lng8u-bXmzg
254,2024-12-12,2024-12-12T21:51:10Z,unlisted,,PT1H3M44S,-4RodD4DllM,a playlist for a quiet winter,https://www.youtube.com/watch?v=-4RodD4DllM
255,2024-11-28,2024-11-28T17:49:06Z,public,,PT1H3M59S,7x6LIM0R9ks,"late night existential crisis, but you're chilling",https://www.youtube.com/watch?v=7x6LIM0R9ks
256,2024-11-23,2024-11-23T11:02:55Z,public,,PT47M59S,CSYwFpp_shk,pov: you're in a Zara fitting room,https://www.youtube.com/watch?v=CSYwFpp_shk
257,2024-11-15,2024-11-15T12:03:46Z,public,,PT1H1M50S,3HZPKAR0Czg,pov: you found a great spot to look at the Supermoon,https://www.youtube.com/watch?v=3HZPKAR0Czg
258,2024-11-12,2024-11-12T16:55:58Z,public,,PT59M13S,1e-3g0e8oPE,music you listen to after 14 hours on your feet,https://www.youtube.com/watch?v=1e-3g0e8oPE
259,2024-11-08,2024-11-08T14:11:35Z,unlisted,,PT1H2M50S,Zi2FmJ1OKko,pov: the weekend is here and you're chilling on your couch,https://www.youtube.com/watch?v=Zi2FmJ1OKko
260,2024-11-05,2024-11-05T21:41:22Z,public,,PT59M26S,W1-dkjyHId0,playlist to study like Sherlock Holmes in his mind palace,https://www.youtube.com/watch?v=W1-dkjyHId0
261,2024-11-03,2024-11-03T16:27:29Z,public,,PT57M20S,Blntpp4eHWU,pov: you can hear the mermaids,https://www.youtube.com/watch?v=Blntpp4eHWU
262,2024-11-02,2024-11-02T13:12:35Z,public,,PT59M7S,3ukOry9aRAs,pov: you're stuck in space,https://www.youtube.com/watch?v=3ukOry9aRAs
263,2024-10-31,2024-10-31T13:10:14Z,public,,PT32M14S,jEJY32SItpU,pov: you're a Noir detective solving a late night case,https://www.youtube.com/watch?v=jEJY32SItpU
264,2024-10-30,2024-10-30T11:54:32Z,public,,PT41M29S,Ay7LqB17Tm8,you're studying nuclear physics,https://www.youtube.com/watch?v=Ay7LqB17Tm8
265,2024-10-28,2024-10-28T13:36:20Z,public,,PT41M50S,nv_74qSeKBg,you're studying bioengineering (dark academia),https://www.youtube.com/watch?v=nv_74qSeKBg
266,2024-10-26,2024-10-26T21:54:43Z,public,,PT59M50S,yJJF5unWr4k,you can hear the ghosts of Silk Road,https://www.youtube.com/watch?v=yJJF5unWr4k
267,2024-10-25,2024-10-25T15:02:01Z,public,,PT33M33S,1OcpOhnEFJk,pov: you're making the worst mistake of your life,https://www.youtube.com/watch?v=1OcpOhnEFJk
268,2024-10-24,2024-10-24T17:27:52Z,public,,PT43M49S,jUXrjSzTRIQ,you're studying Alternate History (dark academia),https://www.youtube.com/watch?v=jUXrjSzTRIQ
269,2024-10-23,2024-10-23T21:09:00Z,public,,PT37M55S,tFN8Jvkzpb4,you're studying genetics to solve immortality,https://www.youtube.com/watch?v=tFN8Jvkzpb4
270,2024-10-22,2024-10-22T16:50:26Z,public,,PT58M46S,bKr5yu1tP_k,you are reading an old National Geographic magazine from a different timeline,https://www.youtube.com/watch?v=bKr5yu1tP_k
271,2024-10-21,2024-10-21T15:24:50Z,public,,PT1H4M44S,waTQJbNCYJ8,you had more downtime in the Old World,https://www.youtube.com/watch?v=waTQJbNCYJ8
272,2024-10-20,2024-10-20T12:21:57Z,public,,PT48M3S,dwsXIR0gxNw,you study Psychiatry in a 19th century mental Asylum,https://www.youtube.com/watch?v=dwsXIR0gxNw
273,2024-10-19,2024-10-19T10:22:03Z,public,,PT3H1S,qmZtF-hRsE4,POV: us healing from past trauma,https://www.youtube.com/watch?v=qmZtF-hRsE4
274,2024-10-18,2024-10-18T08:56:50Z,public,,PT3H2S,OIzZveoIF00,pov: you are an ancient scholar in a futuristic tavern,https://www.youtube.com/watch?v=OIzZveoIF00
275,2024-10-16,2024-10-16T13:08:20Z,public,,PT1H1M27S,pW8KM7QlKmw,you are studying math like a Madman (dark academia playlist),https://www.youtube.com/watch?v=pW8KM7QlKmw
276,2024-10-11,2024-10-11T11:35:11Z,public,,PT42M26S,XVKlgj1TYSI,playlist to study like Lex Fridman,https://www.youtube.com/watch?v=XVKlgj1TYSI
277,2024-10-02,2024-10-02T21:28:48Z,public,,PT58M24S,f11eaNquqrg,playlist to calm your OCD brain,https://www.youtube.com/watch?v=f11eaNquqrg
278,2024-09-26,2024-09-26T13:26:15Z,public,,PT41M57S,1kmW0vE1SDI,a divorced mom playlist,https://www.youtube.com/watch?v=1kmW0vE1SDI
279,2024-09-22,2024-09-22T20:51:18Z,public,,PT1H2M20S,BkqX15Ubyw8,you are stuck in a Communist dystopia (a playlist),https://www.youtube.com/watch?v=BkqX15Ubyw8
280,2024-09-17,2024-09-17T10:05:10Z,public,,PT50M59S,dphHrkkAdFg,Autumn is here and you are back to school (a playlist),https://www.youtube.com/watch?v=dphHrkkAdFg
281,2024-08-07,2024-08-07T10:18:42Z,public,,PT59M51S,51u96IS0K0o,a playlist to study like Hannibal Lecter in his mind palace,https://www.youtube.com/watch?v=51u96IS0K0o
282,2024-07-10,2024-07-10T14:39:21Z,public,,PT58M37S,xcdZoY_HHas,a playlist to study like Elon Musk trying to get Humanity to Mars,https://www.youtube.com/watch?v=xcdZoY_HHas
283,2024-07-06,2024-07-06T10:27:51Z,public,,PT45M27S,KakxYL3JFqk,you are studying like a Valedictorian (Harry Potter Dark Academia),https://www.youtube.com/watch?v=KakxYL3JFqk
